City_ID,City,Country,Lat,Lng,Max Temp,Humidity,Cloudiness,Wind Speed,Description
0,Nichinan,JP,31.6,131.37,56.25,72,86,8.1,overcast clouds
1,San Pedro,PH,14.35,121.02,78.01,94,90,3.36,overcast clouds
2,Ushuaia,AR,-54.8,-68.3,51.8,37,0,16.11,clear sky
3,Trelew,AR,-43.25,-65.31,79.56,38,95,16.69,overcast clouds
4,Arraial Do Cabo,BR,-22.97,-42.03,80.6,83,75,11.41,broken clouds
5,Puerto Ayora,EC,-0.74,-90.35,77.0,69,40,13.87,scattered clouds
6,Tarsus,TR,36.92,34.88,64.4,59,0,2.24,clear sky
7,Lebu,CL,-37.62,-73.65,56.86,77,0,21.0,clear sky
8,Hovd,MN,48.01,91.64,32.83,73,12,7.52,few clouds
9,Slavyanka,RU,42.86,131.38,26.2,82,0,6.64,clear sky
10,Ust-Koksa,RU,50.27,85.61,24.91,91,94,5.21,overcast clouds
11,Faanui,PF,-16.48,-151.75,78.33,81,100,15.14,light rain
12,Bluff,NZ,-46.6,168.33,48.99,86,2,4.0,clear sky
13,Broome,US,42.25,-75.83,69.8,37,1,8.05,clear sky
14,Esperance,AU,-33.87,121.9,53.6,81,0,17.22,clear sky
15,Westport,US,41.14,-73.36,73.99,48,1,5.82,clear sky
16,Tocopilla,CL,-22.09,-70.2,67.96,48,16,7.02,few clouds
17,Carnarvon,AU,-24.87,113.63,66.2,55,10,14.99,clear sky
18,Port Alfred,ZA,-33.59,26.89,61.54,60,100,7.02,overcast clouds
19,Georgetown,MY,5.41,100.34,77.0,94,20,4.7,few clouds
20,Hambantota,LK,6.12,81.12,75.2,100,20,2.24,light rain
21,Gizo,SB,-8.1,156.84,82.6,74,100,6.2,light rain
22,Morgantown,US,39.63,-79.96,75.99,36,1,3.36,clear sky
23,Moron,AR,-34.65,-58.62,71.01,62,100,3.0,light rain
24,Vila Franca Do Campo,PT,37.72,-25.43,64.4,82,40,11.41,scattered clouds
25,Zhigansk,RU,66.77,123.37,-9.35,87,100,22.91,overcast clouds
26,Flinders,AU,-34.58,150.86,54.0,84,0,1.01,clear sky
27,Yakuplu,TR,40.99,28.68,63.0,77,0,9.17,clear sky
28,Tuktoyaktuk,CA,69.45,-133.04,-2.2,84,90,13.87,overcast clouds
29,Sayyan,YE,15.17,44.32,53.6,43,0,7.16,clear sky
30,Jiayuguan,CN,39.82,98.3,32.95,71,0,1.12,clear sky
31,Manzanillo,CU,20.34,-77.12,85.23,72,26,10.29,scattered clouds
32,Bilibino,RU,68.05,166.44,-3.42,90,97,1.5,overcast clouds
33,Bredasdorp,ZA,-34.53,20.04,51.8,71,18,1.12,few clouds
34,Solnechnyy,RU,50.72,136.63,9.36,88,49,2.21,scattered clouds
35,Hilo,US,19.73,-155.09,82.4,65,75,8.05,broken clouds
36,Geraldton,AU,-28.77,114.6,59.0,67,40,6.93,scattered clouds
37,Souillac,MU,-20.52,57.52,73.4,73,40,10.29,scattered clouds
38,Pimentel,PE,-6.84,-79.93,73.4,56,0,20.8,clear sky
39,Thompson,CA,55.74,-97.86,17.6,85,75,12.75,light snow
40,Punta Arenas,CL,-53.15,-70.92,51.8,71,75,12.75,broken clouds
41,Shreveport,US,32.53,-93.75,82.0,65,90,11.41,overcast clouds
42,Hofn,IS,64.25,-15.21,48.2,100,90,12.75,light intensity drizzle
43,Rikitea,PF,-23.12,-134.97,73.98,76,57,16.33,broken clouds
44,Kelcyre,AL,40.31,20.19,53.01,92,0,3.29,clear sky
45,Yumen,CN,40.28,97.2,28.36,82,0,2.35,clear sky
46,Cidreira,BR,-30.18,-50.21,66.83,91,100,17.52,moderate rain
47,Busselton,AU,-33.65,115.33,46.99,98,42,20.18,scattered clouds
48,Mataura,NZ,-46.19,168.86,48.99,86,15,4.0,few clouds
49,Barrow,US,71.29,-156.79,8.6,78,75,10.29,broken clouds
50,Peniche,PT,39.36,-9.38,60.01,88,0,4.09,clear sky
51,Waw,SS,7.7,28.0,77.74,45,1,3.96,clear sky
52,Goderich,CA,43.75,-81.72,73.4,38,0,11.41,clear sky
53,Saskylakh,RU,71.92,114.08,8.8,94,100,28.19,snow
54,Vaini,TO,-21.2,-175.2,77.0,78,20,6.93,few clouds
55,Nanortalik,GL,60.14,-45.24,27.52,95,100,12.68,overcast clouds
56,Avera,US,33.19,-82.53,80.6,61,75,8.05,broken clouds
57,Port Elizabeth,ZA,-33.92,25.57,57.2,71,0,8.05,clear sky
58,Kruisfontein,ZA,-34.0,24.73,54.0,82,0,7.16,clear sky
59,Castro,BR,-24.79,-50.01,81.14,49,29,2.59,scattered clouds
60,Shiyan,CN,32.65,110.78,53.01,51,0,1.34,clear sky
61,Ust-Nera,RU,64.57,143.2,-16.55,79,51,3.13,broken clouds
62,Glens Falls,US,43.31,-73.64,69.01,45,1,5.82,clear sky
63,Hermanus,ZA,-34.42,19.23,54.0,78,65,7.38,broken clouds
64,Vestmannaeyjar,IS,63.44,-20.27,47.64,89,100,26.06,light rain
65,Hobart,AU,-42.88,147.33,54.0,76,0,6.93,clear sky
66,Katsuura,JP,35.13,140.3,53.6,54,75,10.29,broken clouds
67,Brighton,GB,50.83,-0.14,57.0,100,89,5.01,overcast clouds
68,Kapaa,US,22.08,-159.32,80.6,78,40,14.99,scattered clouds
69,Alta Floresta,BR,-9.88,-56.09,85.57,59,100,2.17,overcast clouds
70,Road Town,VG,18.42,-64.62,84.2,74,40,11.41,scattered clouds
71,Okhotsk,RU,59.38,143.3,3.04,87,98,18.19,overcast clouds
72,Lyuban,BY,52.8,28.0,35.98,87,0,4.85,clear sky
73,Florida,US,28.75,-82.5,77.0,94,90,9.17,overcast clouds
74,Henties Bay,NA,-22.12,14.28,59.0,79,0,7.0,clear sky
75,Roma,US,43.21,-75.46,73.4,33,1,2.8,clear sky
76,Kuusamo,FI,65.97,29.18,30.2,86,75,8.05,broken clouds
77,Lata,PT,40.16,-8.33,60.01,88,0,0.96,clear sky
78,Avarua,CK,-21.21,-159.78,78.8,78,3,9.64,clear sky
79,Albany,US,42.6,-73.97,70.0,36,0,3.13,clear sky
80,Belmonte,BR,-15.86,-38.88,80.6,65,20,16.11,few clouds
81,Codrington,AU,-38.27,141.97,65.44,51,0,12.71,clear sky
82,Kodiak,US,57.79,-152.41,42.8,52,1,3.36,clear sky
83,Dikson,RU,73.51,80.55,6.15,95,100,9.48,overcast clouds
84,Kasaragod,IN,12.5,75.0,78.8,88,20,3.36,mist
85,Port Blair,IN,11.67,92.75,80.65,83,34,13.15,scattered clouds
86,Victoria,HK,22.29,114.16,73.0,74,100,1.99,overcast clouds
87,Capim Grosso,BR,-11.38,-40.01,82.45,44,10,8.48,clear sky
88,Karwar,IN,14.8,74.13,74.57,56,0,7.61,clear sky
89,Nikolskoye,RU,59.7,30.79,41.0,75,0,17.9,clear sky
90,Beringovskiy,RU,63.05,179.32,37.38,87,98,10.07,light rain
91,Faya,SA,18.39,42.45,64.4,82,0,4.92,clear sky
92,Sharan,RU,54.82,54.0,32.14,94,100,13.04,overcast clouds
93,Nabire,ID,-3.37,135.48,75.85,86,71,3.83,broken clouds
94,Hyderabad,IN,17.38,78.47,64.4,68,0,5.48,clear sky
95,Orlovskiy,RU,46.87,42.06,46.42,67,72,2.51,broken clouds
96,Qaanaaq,GL,77.48,-69.36,-6.52,69,0,7.0,clear sky
97,Ahipara,NZ,-35.17,173.17,59.34,81,38,10.11,scattered clouds
98,Cabo San Lucas,MX,22.89,-109.91,84.2,53,5,20.8,clear sky
99,Dinguiraye,GN,11.3,-10.72,75.31,32,0,1.68,clear sky
100,Yellowknife,CA,62.46,-114.35,26.6,79,75,7.7,broken clouds
101,Clyde River,CA,70.47,-68.59,-2.2,70,1,13.87,clear sky
102,Upernavik,GL,72.79,-56.15,-0.56,81,54,7.74,broken clouds
103,Torbay,CA,47.67,-52.73,37.99,84,90,14.99,shower rain
104,Asau,RO,46.43,26.4,41.0,97,72,2.21,broken clouds
105,Mombetsu,JP,44.35,143.35,34.0,83,100,8.99,overcast clouds
106,Erzin,TR,36.96,36.2,70.0,50,1,4.0,clear sky
107,Bonavista,CA,48.65,-53.11,36.0,79,80,4.7,broken clouds
108,Verkhnevilyuysk,RU,63.45,120.32,12.09,96,100,7.87,snow
109,Butaritari,KI,3.07,172.79,82.4,73,100,11.77,overcast clouds
110,Cayenne,GF,4.93,-52.33,87.8,62,75,12.75,broken clouds
111,Naryan-Mar,RU,67.67,53.09,24.55,97,74,5.66,broken clouds
112,Port Hedland,AU,-20.32,118.57,75.2,78,0,11.41,clear sky
113,Atuona,PF,-9.8,-139.03,77.95,71,20,12.86,few clouds
114,Bianzhuang,CN,34.85,118.04,46.15,54,0,1.63,clear sky
115,Ahuimanu,US,21.44,-157.84,82.4,74,75,9.17,broken clouds
116,New Norfolk,AU,-42.78,147.06,54.0,68,100,3.27,overcast clouds
117,Ginir,ET,7.13,40.7,57.58,69,0,5.68,clear sky
118,Mar Del Plata,AR,-38.0,-57.56,73.4,53,75,10.29,broken clouds
119,Hit,IQ,33.64,42.83,68.14,51,7,5.35,clear sky
120,Pavlodar,KZ,52.3,76.95,37.4,86,90,20.13,overcast clouds
121,Cozumel,MX,20.51,-86.95,86.0,70,40,13.87,scattered clouds
122,Bethel,US,41.37,-73.41,75.2,27,1,6.93,clear sky
123,Waipawa,NZ,-41.41,175.52,50.0,93,100,26.4,moderate rain
124,Longyearbyen,SJ,78.22,15.64,23.0,73,75,4.7,light snow
125,Quang Ngai,VN,15.12,108.8,71.71,95,100,13.06,very heavy rain
126,Saint-Philippe,RE,-21.36,55.77,73.4,73,20,12.75,few clouds
127,Sao Joao Da Barra,BR,-21.64,-41.05,84.2,70,20,13.87,few clouds
128,Luderitz,NA,-26.65,15.16,60.44,55,0,30.04,clear sky
129,Dehloran,IR,32.69,47.27,77.32,38,100,4.25,overcast clouds
130,Aurangabad,IN,19.88,75.33,63.01,43,0,4.63,clear sky
131,Tilichiki,RU,60.47,166.1,4.14,92,1,11.41,clear sky
132,Sinop,TR,41.77,34.87,48.25,75,2,1.34,clear sky
133,Hami,CN,42.8,93.45,40.75,56,79,10.63,broken clouds
134,Chany,RU,55.31,76.76,32.23,94,38,12.71,scattered clouds
135,Tambopata,PE,-12.73,-69.18,93.2,56,20,4.7,few clouds
136,Tuatapere,NZ,-46.13,167.68,48.99,86,18,4.0,few clouds
137,Ust-Tsilma,RU,65.44,52.15,29.08,97,94,7.31,overcast clouds
138,Brzeziny,PL,51.8,19.75,44.01,87,90,4.7,overcast clouds
139,Mopti,ML,14.67,-4.0,82.65,14,0,10.02,clear sky
140,Sterling,US,39.01,-77.43,75.99,53,20,11.41,few clouds
141,Beloha,MG,-25.17,45.05,78.3,40,0,8.1,clear sky
142,Rey Bouba,CM,8.67,14.18,78.71,35,0,1.57,clear sky
143,Bengkulu,ID,-3.8,102.27,75.92,81,92,2.21,overcast clouds
144,Frutal,BR,-20.02,-48.94,94.05,30,69,6.8,moderate rain
145,Saint Anthony,US,45.02,-93.22,55.4,87,90,18.34,moderate rain
146,Celestun,MX,20.87,-90.4,79.34,82,18,14.56,light rain
147,Laguna,US,38.42,-121.42,55.0,32,1,8.05,clear sky
148,Chuy,UY,-33.7,-53.46,66.78,69,99,12.28,overcast clouds
149,Jamestown,US,42.1,-79.24,71.6,37,1,5.82,clear sky
150,Kamenka,RU,51.32,42.77,30.99,84,30,7.2,scattered clouds
151,Ronne,DK,55.1,14.71,48.2,81,28,6.93,scattered clouds
152,Rawson,AR,-43.3,-65.1,74.61,46,96,12.48,overcast clouds
153,Koungou,YT,-12.73,45.2,77.0,88,0,3.36,clear sky
154,Nepa Nagar,IN,21.47,76.4,64.72,38,0,2.26,clear sky
155,Izazi,TZ,-7.2,35.73,69.8,60,40,14.99,scattered clouds
156,Narsaq,GL,60.92,-46.05,24.8,85,75,2.24,broken clouds
157,Kahului,US,20.89,-156.47,84.2,54,40,3.36,scattered clouds
158,Cape Town,ZA,-33.93,18.42,57.99,54,20,14.99,few clouds
159,Springdale,US,36.19,-94.13,75.99,60,75,14.99,broken clouds
160,Tautira,PF,-17.73,-149.15,80.6,69,75,3.36,broken clouds
161,Melbourne,US,28.08,-80.61,81.0,94,90,13.87,mist
162,Praia,CV,14.92,-23.51,80.6,65,0,18.34,clear sky
163,Chokurdakh,RU,70.63,147.92,-17.9,90,57,2.77,broken clouds
164,Bonthe,SL,7.53,-12.51,79.39,80,35,4.59,scattered clouds
165,Zeya,RU,53.75,127.27,4.69,86,1,2.01,clear sky
166,Tiarei,PF,-17.53,-149.33,80.6,69,75,3.36,broken clouds
167,Berezovka,BY,53.72,25.5,36.05,85,0,1.23,clear sky
168,Mahebourg,MU,-20.41,57.7,73.4,73,40,10.29,scattered clouds
169,Aquiraz,BR,-3.9,-38.39,86.0,66,20,16.11,few clouds
170,Kavaratti,IN,10.57,72.64,83.03,79,82,10.13,broken clouds
171,Lerwick,GB,60.15,-1.15,51.8,93,90,11.41,overcast clouds
172,Pavia,IT,45.18,9.16,54.0,89,0,0.65,clear sky
173,Tumpat,MY,6.2,102.17,75.2,94,20,3.36,few clouds
174,Lulea,SE,65.58,22.15,28.4,86,0,6.76,clear sky
175,Ubinskoye,RU,55.31,79.68,35.8,87,100,15.5,overcast clouds
176,Newport,GB,51.59,-3.0,57.0,97,100,1.01,overcast clouds
177,Straumen,NO,63.87,11.3,44.01,87,0,8.05,clear sky
178,Nanakuli,US,21.39,-158.15,82.4,65,40,5.82,scattered clouds
179,Angoche,MZ,-16.23,39.91,79.34,78,0,10.94,clear sky
180,Klaksvik,FO,62.23,-6.59,50.0,100,100,13.87,light rain
181,Neubrandenburg,DE,53.57,13.27,44.01,96,35,7.74,scattered clouds
182,Okha,RU,53.57,142.95,29.1,96,100,15.05,overcast clouds
183,Tasiilaq,GL,65.61,-37.64,31.37,97,100,37.4,overcast clouds
184,Carballo,ES,43.21,-8.69,53.01,100,40,3.36,scattered clouds
185,Te Anau,NZ,-45.42,167.72,48.81,77,55,0.94,broken clouds
186,Longonjo,AO,-12.91,15.25,68.47,63,18,2.75,few clouds
187,Katakwi,UG,1.89,33.97,70.84,65,71,5.21,broken clouds
188,Tenango,MX,18.65,-98.18,79.0,36,5,4.7,clear sky
189,Broken Hill,AU,-31.95,141.43,73.4,38,0,10.29,clear sky
190,Cockburn Town,TC,21.46,-71.14,82.4,78,40,14.99,scattered clouds
191,Havelock,US,34.88,-76.9,77.0,73,75,10.29,broken clouds
192,Muros,ES,42.78,-9.06,55.99,91,2,1.01,clear sky
193,Kieta,PG,-6.22,155.63,80.2,77,100,2.44,overcast clouds
194,Hualmay,PE,-11.1,-77.61,68.59,66,89,10.25,overcast clouds
195,Ostrovnoy,RU,68.05,39.51,35.1,88,96,20.78,overcast clouds
196,Zhuhai,CN,22.28,113.57,73.4,78,20,11.41,few clouds
197,San Clemente,US,33.43,-117.61,60.01,47,0,1.99,clear sky
198,Fernley,US,39.61,-119.25,34.0,54,0,4.21,clear sky
199,Camapua,BR,-19.53,-54.04,93.76,35,100,8.99,light rain
200,Kokopo,PG,-4.35,152.26,78.48,82,63,3.83,broken clouds
201,Kabarnet,KE,0.49,35.74,59.0,93,0,9.17,clear sky
202,Gazanjyk,TM,39.24,55.52,52.38,52,0,6.29,clear sky
203,Saint-Pierre,RE,-21.34,55.48,73.4,73,20,12.75,few clouds
204,Kushiro,JP,42.98,144.37,33.1,92,54,13.04,broken clouds
205,East London,ZA,-33.02,27.91,61.34,81,100,9.37,light rain
206,Oranjemund,NA,-28.55,16.43,59.0,66,0,27.11,clear sky
207,Pathein,MM,16.78,94.73,73.04,92,0,5.91,clear sky
208,Ponta Do Sol,PT,32.67,-17.1,64.4,68,40,5.82,scattered clouds
209,Khatanga,RU,71.97,102.5,21.76,98,95,12.12,light snow
210,Coos Bay,US,43.37,-124.22,48.99,70,75,10.29,broken clouds
211,Kutum,SD,14.2,24.67,69.87,30,41,8.05,scattered clouds
212,Cherskiy,RU,68.75,161.3,1.72,93,97,5.59,overcast clouds
213,Lagoa,PT,39.05,-27.98,65.52,82,100,15.86,overcast clouds
214,Samarai,PG,-10.62,150.67,79.84,83,100,13.85,light rain
215,That Phanom,TH,16.94,104.71,63.34,71,96,5.93,overcast clouds
216,Lasa,IT,46.62,10.7,44.01,80,5,5.82,clear sky
217,Pacific Grove,US,36.62,-121.92,57.0,28,1,3.36,clear sky
218,Rio Gallegos,AR,-51.62,-69.22,53.6,62,40,8.05,scattered clouds
219,Airai,TL,-8.93,125.41,61.79,84,100,2.33,overcast clouds
220,Aracati,BR,-4.56,-37.77,83.37,69,4,15.17,clear sky
221,Queanbeyan,AU,-35.35,149.23,48.0,100,0,4.7,clear sky
222,Dormidontovka,RU,47.77,134.91,11.48,88,1,10.85,clear sky
223,Hamilton,US,39.18,-84.53,79.0,44,1,4.76,clear sky
224,Xingyi,CN,24.19,102.82,44.98,93,0,2.66,clear sky
225,Wanning,CN,18.8,110.4,70.81,85,100,16.49,overcast clouds
226,Qalyub,EG,30.18,31.21,68.0,68,69,10.29,broken clouds
227,Pak Phanang,TH,8.35,100.2,79.05,83,100,9.24,overcast clouds
228,Kihei,US,20.79,-156.47,84.2,54,40,3.36,scattered clouds
229,Ancud,CL,-41.87,-73.82,66.2,52,0,10.29,smoke
230,Chapais,CA,49.78,-74.85,60.8,72,1,11.41,clear sky
231,Pangnirtung,CA,66.15,-65.71,14.0,72,75,3.36,broken clouds
232,Tiksi,RU,71.69,128.87,-9.33,86,0,5.44,clear sky
233,Port Pirie,AU,-33.18,138.02,64.4,45,17,6.93,few clouds
234,San Angelo,US,31.46,-100.44,79.0,60,20,20.8,few clouds
235,Severo-Kurilsk,RU,50.68,156.12,37.81,80,100,23.87,overcast clouds
236,Traverse City,US,44.76,-85.62,78.8,44,40,17.22,scattered clouds
237,Marzuq,YE,14.4,46.47,66.25,51,0,3.22,clear sky
238,Yola,NG,9.2,12.48,80.78,30,0,2.13,clear sky
239,Juegang,CN,32.32,121.19,55.0,70,0,0.81,clear sky
240,Safaga,EG,26.73,33.94,71.6,43,0,5.82,clear sky
241,Ios,GR,36.73,25.28,64.99,72,100,27.51,overcast clouds
242,Caraballeda,VE,10.61,-66.85,86.0,70,75,6.93,broken clouds
243,Awbari,LY,26.59,12.78,57.83,56,43,0.63,scattered clouds
244,San Andres,CO,12.58,-81.7,77.0,100,75,4.7,light intensity drizzle
245,Atagay,RU,55.1,99.39,35.15,95,100,3.69,light rain
246,Richards Bay,ZA,-28.78,32.04,69.49,78,100,11.99,light rain
247,Puerto Del Rosario,ES,28.5,-13.86,69.8,83,20,16.11,few clouds
248,Umaria,IN,23.53,80.83,56.86,41,0,2.48,clear sky
249,Heinola,FI,61.21,26.04,35.6,93,0,4.7,clear sky
250,Abnub,EG,27.27,31.15,69.8,46,0,9.17,clear sky
251,Sao Filipe,CV,14.9,-24.5,81.18,72,100,5.35,overcast clouds
252,Kabelvag,NO,68.21,14.48,37.4,59,75,8.05,broken clouds
253,Gikongoro,RW,-2.46,29.57,59.07,89,91,3.29,overcast clouds
254,Xai-Xai,MZ,-25.05,33.64,76.91,83,77,16.64,broken clouds
255,Neuquen,AR,-38.95,-68.06,80.6,36,40,12.75,scattered clouds
256,Guerrero Negro,MX,27.98,-114.06,67.68,53,71,16.51,broken clouds
257,Hohhot,CN,40.81,111.65,26.6,58,0,6.71,clear sky
258,Lompoc,US,34.64,-120.46,57.2,33,1,13.87,clear sky
259,Albacete,ES,38.83,-2.0,53.6,87,0,2.24,clear sky
260,Murgab,TM,37.5,61.97,48.2,66,0,4.7,clear sky
261,Pedernales,DO,18.04,-71.74,82.4,83,40,13.87,scattered clouds
262,Tabuk,PH,17.42,121.44,72.75,88,100,3.44,overcast clouds
263,Mbala,ZM,-8.84,31.37,70.81,42,93,7.0,overcast clouds
264,Srednekolymsk,RU,67.45,153.68,-8.63,91,100,6.51,overcast clouds
265,Sonoita,MX,31.85,-112.83,57.99,39,80,7.02,broken clouds
266,Gushikawa,JP,26.35,127.87,69.8,64,40,9.17,scattered clouds
267,Husavik,IS,66.04,-17.34,32.0,83,0,4.7,clear sky
268,Tramore,IE,52.16,-7.15,55.0,93,75,2.24,broken clouds
269,Nampa,US,43.54,-116.56,36.0,63,90,9.17,overcast clouds
270,Punta De Bombon,PE,-17.17,-71.79,65.68,72,93,5.48,overcast clouds
271,Bathsheba,BB,13.22,-59.52,75.2,83,40,20.8,scattered clouds
272,Praya,CV,14.92,-23.51,80.6,65,0,18.34,clear sky
273,Neiafu,TO,-18.65,-173.98,78.8,78,20,5.82,few clouds
274,Bahir Dar,ET,11.59,37.39,62.06,74,2,0.81,clear sky
275,Lamut,PH,16.65,121.22,71.29,87,96,0.56,overcast clouds
276,Kattivakkam,IN,13.22,80.32,78.8,65,100,3.36,haze
277,Moroto,UG,2.53,34.67,70.03,62,99,9.64,overcast clouds
278,Iqaluit,CA,63.75,-68.51,6.8,77,75,4.7,broken clouds
279,Aranos,NA,-24.13,19.12,77.95,38,20,11.39,few clouds
280,Shingu,JP,33.73,135.98,46.4,74,1,5.93,clear sky
281,Pocone,BR,-16.26,-56.62,88.77,43,100,7.36,overcast clouds
282,Gigmoto,PH,13.78,124.39,80.35,85,94,7.27,overcast clouds
283,Lorengau,PG,-2.02,147.27,80.73,77,67,1.21,broken clouds
284,Vardo,NO,70.37,31.11,35.6,80,75,32.21,shower rain
285,Bystrzyca Klodzka,PL,50.3,16.64,41.0,96,0,1.68,clear sky
286,Yarmouth,US,41.71,-70.23,69.8,52,1,4.7,clear sky
287,Kudahuvadhoo,MV,2.67,72.89,83.64,75,31,10.65,scattered clouds
288,Drumnadrochit,GB,57.33,-4.48,46.0,100,2,2.46,fog
289,Narasannapeta,IN,18.42,84.05,67.71,71,0,6.46,clear sky
290,Vila Velha,BR,-20.33,-40.29,80.6,74,20,17.22,light rain
291,San Policarpo,PH,12.18,125.51,79.56,85,100,5.66,light rain
292,Port Lincoln,AU,-34.73,135.87,73.22,39,54,18.14,broken clouds
293,San Patricio,US,28.02,-97.52,86.0,54,40,14.99,scattered clouds
294,Qinhuangdao,CN,39.93,119.59,43.34,56,0,5.17,clear sky
295,Gamba,GA,-2.65,10.0,74.43,87,100,2.39,overcast clouds
296,Sobolevo,RU,54.43,31.9,33.24,92,0,8.55,clear sky
297,Vostok,RU,46.49,135.88,2.77,95,75,3.94,broken clouds
298,Baculin,PH,7.45,126.58,77.04,77,73,5.5,moderate rain
299,San Rafael Del Sur,NI,11.85,-86.44,78.8,94,40,9.17,scattered clouds
300,Dakar,SN,14.69,-17.44,82.4,54,0,8.05,clear sky
301,Arona,ES,28.1,-16.68,71.01,73,20,14.99,few clouds
302,Umm Lajj,SA,25.02,37.27,77.4,59,0,9.4,clear sky
303,Avon Lake,US,41.51,-82.03,78.8,47,1,10.29,clear sky
304,Dokri,PK,27.37,68.1,71.28,22,0,1.36,clear sky
305,Hithadhoo,MV,-0.6,73.08,83.41,74,100,11.79,moderate rain
306,Dunedin,NZ,-45.87,170.5,53.01,70,6,5.19,clear sky
307,Winston-Salem,US,36.1,-80.24,75.99,53,1,5.82,clear sky
308,Vao,NC,-22.67,167.48,70.09,73,55,17.4,broken clouds
309,Ilulissat,GL,69.22,-51.1,15.8,72,75,5.82,broken clouds
310,Bambous Virieux,MU,-20.34,57.76,73.4,73,40,10.29,scattered clouds
311,Alofi,NU,-19.06,-169.92,77.0,78,40,10.29,scattered clouds
312,Dera Ismail Khan,PK,31.83,70.9,64.56,27,37,5.03,scattered clouds
313,Gorontalo,ID,0.54,123.06,73.31,81,89,2.1,overcast clouds
314,Sale,MA,34.04,-6.82,64.0,93,40,4.7,scattered clouds
315,Sitka,US,57.05,-135.33,42.8,81,90,5.82,light rain
316,Saint-Augustin,CA,51.23,-58.65,33.31,82,56,3.58,broken clouds
317,Inirida,CO,3.87,-67.92,88.16,61,80,1.45,light rain
318,Partizansk,RU,43.13,133.13,19.54,81,1,5.7,clear sky
319,Le Port,RE,-20.94,55.29,71.6,83,75,9.17,broken clouds
320,Ribeira Grande,PT,38.52,-28.7,66.2,82,75,21.92,shower rain
321,Skjervoy,NO,70.03,20.97,37.4,64,75,25.28,shower rain
322,Mae Hong Son,TH,19.3,97.97,66.99,73,0,2.08,clear sky
323,Vysokogornyy,RU,50.12,139.15,4.77,86,25,5.66,scattered clouds
324,Axim,GH,4.87,-2.24,78.76,86,69,7.34,light rain
325,Grand-Santi,GF,4.25,-54.38,93.11,39,8,4.16,clear sky
326,Huangmei,CN,30.19,116.03,54.19,56,0,5.06,clear sky
327,Dubai,AE,25.26,55.3,82.4,69,0,4.7,clear sky
328,Bergama,TR,39.12,27.18,60.8,72,20,13.87,few clouds
329,Keetmanshoop,NA,-26.58,18.13,69.8,19,0,14.99,clear sky
330,Poum,NC,-20.23,164.02,74.23,76,69,14.65,broken clouds
331,Bandarbeyla,SO,9.49,50.81,77.07,84,34,16.75,scattered clouds
332,Mehamn,NO,71.04,27.85,37.4,59,75,19.46,shower snow
333,Rundu,NA,-17.93,19.77,82.74,31,37,9.66,scattered clouds
334,Acapulco,MX,16.86,-99.89,86.0,66,20,10.29,few clouds
335,Turukhansk,RU,65.82,87.98,19.65,98,100,8.19,light snow
336,Upata,VE,8.01,-62.4,87.01,65,94,5.99,overcast clouds
337,Tucuman,AR,-26.82,-65.22,86.0,40,40,10.29,scattered clouds
338,Pestovo,RU,58.59,35.8,36.09,84,45,10.11,scattered clouds
339,Sinnai,IT,39.3,9.2,66.0,93,0,5.82,clear sky
340,Paita,PE,-5.09,-81.11,75.2,69,0,13.87,clear sky
341,Akyab,MM,20.15,92.9,78.28,79,0,6.24,clear sky
342,Ofaqim,IL,31.31,34.62,70.0,73,0,7.11,clear sky
343,Krasnoselkup,RU,65.7,82.47,8.28,95,83,4.9,broken clouds
344,Adrar,MR,20.5,-10.07,84.81,14,0,8.34,clear sky
345,North Bend,US,43.41,-124.22,48.99,70,75,10.29,broken clouds
346,Palmer,US,42.16,-72.33,73.4,33,20,3.36,few clouds
347,Lamu,KE,-2.27,40.9,75.2,100,75,8.41,broken clouds
348,Petropavlovsk-Kamchatskiy,RU,53.05,158.65,21.2,67,100,8.95,overcast clouds
349,Deputatskiy,RU,69.3,139.9,-18.24,89,2,2.35,clear sky
350,Dingle,PH,11.0,122.67,75.27,85,49,1.21,scattered clouds
351,Colares,PT,38.8,-9.45,61.0,87,20,3.36,few clouds
352,San Quintin,MX,30.48,-115.95,62.55,49,91,13.56,overcast clouds
353,Southampton,GB,50.9,-1.4,57.2,93,20,1.12,few clouds
354,Belaya Gora,RU,68.53,146.42,-20.51,88,85,1.12,overcast clouds
355,Necochea,AR,-38.55,-58.74,72.37,52,100,12.21,overcast clouds
356,Kodinsk,RU,58.69,99.18,34.34,90,100,7.78,overcast clouds
357,Abu Samrah,SY,35.3,37.18,62.65,57,0,5.23,clear sky
358,Kavieng,PG,-2.57,150.8,81.81,74,100,5.06,overcast clouds
359,Qasigiannguit,GL,68.82,-51.19,15.8,72,75,5.82,broken clouds
360,Port-Gentil,GA,-0.72,8.78,80.6,88,40,6.93,scattered clouds
361,San Jose,US,37.34,-121.89,57.0,26,40,9.17,scattered clouds
362,Talnakh,RU,69.49,88.4,12.2,92,40,8.95,light snow
363,Ola,RU,59.58,151.28,6.62,85,47,12.28,scattered clouds
364,Ugoofaaru,MV,5.67,73.0,83.62,75,43,10.47,scattered clouds
365,Coihaique,CL,-45.58,-72.07,71.6,33,0,6.93,clear sky
366,Dzerzhinsk,RU,56.24,43.46,32.0,90,75,13.42,light snow
367,Port Hueneme,US,34.15,-119.2,64.0,26,1,3.36,clear sky
368,Wellington,NZ,-41.29,174.78,50.0,93,100,26.4,moderate rain
369,Aleksandrov Gay,RU,50.15,48.57,36.97,75,0,5.84,clear sky
370,Sibolga,ID,1.74,98.78,77.2,81,100,2.95,overcast clouds
371,Baruun-Urt,MN,46.68,113.28,29.05,86,0,12.21,clear sky
372,Les Cayes,HT,18.2,-73.75,81.91,79,83,8.72,broken clouds
373,Omsukchan,RU,62.53,155.8,-9.51,86,100,4.72,overcast clouds
374,Padang,ID,-0.95,100.35,77.07,78,93,4.74,moderate rain
375,Provideniya,RU,64.38,-173.3,33.8,100,90,17.9,sleet
376,Chaiya,TH,9.39,99.2,80.01,46,100,8.14,overcast clouds
377,Sistranda,NO,63.73,8.83,44.6,87,75,10.29,broken clouds
378,Pevek,RU,69.7,170.31,17.8,93,96,7.27,overcast clouds
379,Hobyo,SO,5.35,48.53,80.71,78,11,18.01,few clouds
380,Burnie,AU,-41.07,145.92,55.99,86,99,5.01,overcast clouds
381,Yaan,NG,7.38,8.57,80.71,36,22,1.9,few clouds
382,Namibe,AO,-15.2,12.15,72.19,74,3,3.65,clear sky
383,Vetluga,RU,57.86,45.78,30.29,96,99,8.3,overcast clouds
384,Aswan,EG,24.09,32.91,70.14,36,0,11.54,clear sky
385,Bedele,ET,8.46,36.35,54.75,97,1,1.81,clear sky
386,Tigil,RU,57.8,158.67,17.71,92,1,1.7,clear sky
387,Vila,PT,42.03,-8.16,51.01,92,30,1.28,scattered clouds
388,Udachnyy,RU,66.42,112.4,14.0,92,90,8.95,light snow
389,De-Kastri,RU,51.47,140.78,17.01,86,100,16.17,overcast clouds
390,Lesnoy,RU,57.62,63.08,28.78,96,69,9.26,broken clouds
391,Karratha,AU,-20.74,116.85,65.71,68,0,10.0,clear sky
392,Domoni,KM,-12.26,44.53,77.07,82,11,7.99,few clouds
393,Prainha,BR,-1.8,-53.48,93.43,40,97,7.67,overcast clouds
394,Nishihara,JP,26.18,127.76,69.8,55,75,6.93,broken clouds
395,Zhanaozen,KZ,43.3,52.8,45.82,87,16,4.61,few clouds
396,Winston,US,28.03,-82.01,80.6,83,75,16.11,broken clouds
397,Rio Grande,BR,-32.03,-52.1,66.2,93,90,13.87,light rain
398,Dicabisagan,PH,17.08,122.42,77.13,83,52,7.96,light rain
399,Usta Muhammad,PK,28.18,68.04,67.41,25,0,4.38,clear sky
400,Fortuna,US,40.6,-124.16,51.01,43,1,9.17,clear sky
401,Havre-Saint-Pierre,CA,50.23,-63.6,33.8,91,90,5.82,overcast clouds
402,Agirish,RU,61.92,63.02,26.35,96,100,7.81,overcast clouds
403,Abu Dhabi,AE,24.47,54.37,82.4,74,0,5.82,clear sky
404,Thinadhoo,MV,0.53,72.93,83.71,72,63,9.89,light rain
405,Havoysund,NO,71.0,24.66,33.8,79,75,6.93,light rain
406,Nakamura,JP,32.98,132.93,45.68,71,14,5.41,few clouds
407,Gao,ML,16.64,1.64,78.24,18,0,11.36,clear sky
408,Shibetsu,JP,43.66,145.13,33.26,91,100,5.82,overcast clouds
409,Santa Rosa,PH,14.31,121.11,78.01,94,90,3.36,overcast clouds
410,Rio Verde De Mato Grosso,BR,-18.92,-54.84,93.63,36,100,8.63,overcast clouds
411,Mogadishu,SO,2.04,45.34,80.08,82,0,12.88,clear sky
412,Alice Springs,AU,-23.7,133.88,82.4,14,0,5.82,clear sky
413,Tadine,NC,-21.55,167.88,72.57,64,52,13.73,broken clouds
414,Margate,GB,51.38,1.39,57.99,91,100,1.99,light rain
415,Buraydah,SA,26.33,43.98,68.0,82,75,19.46,dust
416,Portland,US,45.52,-122.68,39.99,80,90,5.82,overcast clouds
417,Zhangye,CN,38.93,100.45,38.37,52,0,3.49,clear sky
418,Shimoda,JP,34.67,138.95,54.1,65,45,11.72,scattered clouds
419,Oranjestad,AW,12.52,-70.03,84.2,79,20,4.7,few clouds
420,Warrnambool,AU,-38.38,142.48,64.99,63,0,5.99,clear sky
421,Beruwala,LK,6.48,79.98,78.21,85,3,7.4,clear sky
422,Ayan,RU,56.45,138.17,5.99,88,0,13.62,clear sky
423,Quatre Cocos,MU,-20.21,57.76,73.4,73,40,10.29,scattered clouds
424,Nuuk,GL,64.18,-51.72,21.2,57,75,14.99,broken clouds
425,Maumere,ID,-8.62,122.21,81.05,77,100,3.31,light rain
426,Ust-Uda,RU,54.17,103.03,27.59,96,99,3.38,overcast clouds
427,Newcastle,AU,-32.93,151.78,57.99,93,0,3.69,clear sky
428,Black River,JM,18.03,-77.85,87.8,62,40,9.17,scattered clouds
429,Labytnangi,RU,66.66,66.42,9.57,94,92,2.71,overcast clouds
430,Tura,IN,25.52,90.22,65.52,63,0,3.67,clear sky
431,Eyl,SO,7.98,49.82,78.67,76,4,17.54,clear sky
432,Sol-Iletsk,RU,51.16,54.99,31.03,95,0,7.67,clear sky
433,Omboue,GA,-1.57,9.26,75.54,89,100,4.5,overcast clouds
434,Sao Jose Da Coroa Grande,BR,-8.9,-35.15,78.26,81,16,11.88,few clouds
435,Bac Lieu,VN,9.29,105.72,75.92,85,100,8.39,heavy intensity rain
436,Lazaro Cardenas,MX,17.96,-102.2,83.14,70,6,7.7,clear sky
437,Caravelas,BR,-17.71,-39.25,78.39,73,56,8.16,broken clouds
438,Asfi,MA,32.3,-9.24,66.29,80,0,19.28,clear sky
439,Brownsville,US,25.9,-97.5,87.8,45,1,10.29,clear sky
440,Bridlington,GB,54.08,-0.19,53.6,93,90,2.24,fog
441,Olinda,BR,-8.01,-34.86,84.2,70,40,13.87,scattered clouds
442,Khalkhal,IR,37.62,48.53,44.64,71,52,2.04,broken clouds
443,Huilong,CN,31.81,121.66,62.01,78,0,3.6,clear sky
444,Salalah,OM,17.02,54.09,78.8,54,0,4.7,clear sky
445,Labuhan,ID,-6.88,112.21,79.0,81,100,5.97,overcast clouds
446,Zyryanka,RU,65.75,150.85,-9.35,90,100,6.31,overcast clouds
447,Haines Junction,CA,60.75,-137.51,30.2,63,100,12.75,overcast clouds
448,Fergus Falls,US,46.28,-96.08,28.99,86,75,11.41,broken clouds
449,Hay River,CA,60.82,-115.8,24.8,73,99,8.05,overcast clouds
450,Najran,SA,17.49,44.13,71.6,30,0,4.7,clear sky
451,Touros,BR,-5.2,-35.46,75.2,94,75,6.93,shower rain
452,Negombo,LK,7.21,79.84,75.2,100,40,10.29,scattered clouds
453,Bafq,IR,31.61,55.41,52.75,51,0,0.58,clear sky
454,Tupiza,BO,-21.45,-65.72,77.67,13,0,16.04,clear sky
455,Forio,IT,40.73,13.86,63.0,82,5,2.24,clear sky
456,Hun,LY,29.13,15.95,59.63,66,0,6.58,clear sky
457,San Cristobal,VE,7.77,-72.22,87.8,58,40,13.87,scattered clouds
458,Coquimbo,CL,-29.95,-71.34,59.0,77,75,13.87,broken clouds
459,Plainview,US,40.78,-73.47,73.4,35,1,6.93,clear sky
460,Careiro Da Varzea,BR,-3.2,-59.81,87.8,70,40,2.24,scattered clouds
461,Mabaruma,GY,8.2,-59.78,81.81,85,18,4.92,few clouds
462,Nouakchott,MR,18.09,-15.98,86.0,37,0,10.29,clear sky
463,Hasaki,JP,35.73,140.83,44.6,81,75,4.7,broken clouds
464,Kudat,MY,6.88,116.85,75.2,100,40,2.24,light rain
465,Selma,US,36.57,-119.61,53.01,62,1,4.7,clear sky
466,Dharchula,IN,29.85,80.53,52.59,44,0,4.09,clear sky
467,Hudson Bay,CA,52.85,-102.38,14.9,93,100,8.41,overcast clouds
468,Chauk,MM,20.88,94.82,73.4,75,0,5.28,clear sky
469,Mount Gambier,AU,-37.83,140.77,68.0,42,0,10.29,clear sky
470,Edson,CA,53.58,-116.44,19.4,79,90,5.82,overcast clouds
471,Severo-Yeniseyskiy,RU,60.37,93.04,29.5,97,100,15.68,overcast clouds
472,Takoradi,GH,4.88,-1.76,79.18,85,68,8.97,moderate rain
473,Itupiranga,BR,-5.13,-49.33,89.6,59,75,5.82,broken clouds
474,Ulaanbaatar,MN,47.91,106.88,10.4,78,0,2.24,clear sky
475,Zalesovo,RU,53.99,84.74,34.74,94,100,20.85,overcast clouds
476,Iquique,CL,-20.22,-70.14,69.8,56,20,12.75,few clouds
477,Umm Kaddadah,SD,13.6,26.69,78.26,23,0,15.79,clear sky
478,Walvis Bay,NA,-22.96,14.51,59.0,67,0,8.05,clear sky
479,Aktau,KZ,43.65,51.2,48.2,81,90,8.95,overcast clouds
480,Veshkayma,RU,54.05,47.13,29.48,96,2,12.39,clear sky
481,Kozlovka,RU,55.84,48.25,32.2,86,40,13.42,scattered clouds
482,Vagay,RU,57.94,69.02,27.77,98,81,6.64,broken clouds
483,Darovskoy,RU,58.77,47.96,30.16,96,100,10.29,snow
484,Bemidji,US,47.47,-94.88,28.99,86,90,13.87,overcast clouds
485,Agadez,NE,19.75,10.25,68.29,27,0,8.81,clear sky
486,Whitecourt,CA,54.15,-115.69,17.6,85,75,4.7,broken clouds
487,Matay,EG,28.42,30.78,66.99,65,8,6.62,clear sky
488,Ixtapa,MX,20.7,-105.2,84.99,58,5,10.29,clear sky
489,Esna,EG,25.29,32.55,69.8,60,0,7.76,clear sky
490,Petropavlovka,RU,50.61,105.32,27.32,93,0,2.75,clear sky
491,Usinsk,RU,65.99,57.53,20.52,97,100,5.32,overcast clouds
492,Fort Nelson,CA,58.81,-122.7,19.4,85,75,2.24,broken clouds
493,Begunitsy,RU,59.59,29.32,41.0,75,0,17.9,clear sky
494,Stolin,BY,51.89,26.85,38.19,85,21,5.39,few clouds
495,Ekuvukeni,ZA,-28.47,30.16,61.11,87,100,9.17,light rain
496,Nueva Loja,EC,0.08,-76.88,89.6,59,0,2.24,clear sky
497,Sinnamary,GF,5.38,-52.95,82.69,72,7,9.73,clear sky
498,Ballina,AU,-28.87,153.57,60.8,93,90,3.36,overcast clouds
499,Paamiut,GL,61.99,-49.67,22.21,88,98,29.1,overcast clouds
500,Nantucket,US,41.28,-70.1,64.4,77,1,9.17,clear sky
501,Kaitangata,NZ,-46.28,169.85,51.01,71,6,4.0,clear sky
502,Ahuas,HN,15.48,-84.36,88.12,57,58,5.61,broken clouds
503,Hassleholm,SE,56.16,13.77,48.99,81,31,6.93,scattered clouds
504,Rio Branco,BR,-9.97,-67.81,89.6,59,40,10.29,scattered clouds
505,Daura,NG,11.55,11.41,78.06,19,71,8.84,broken clouds
506,Norman Wells,CA,65.28,-126.83,23.0,85,90,16.11,light snow
507,Shahrud,IR,36.42,54.98,45.66,57,10,1.28,clear sky
508,Tanout,NE,14.97,8.89,74.7,24,9,10.94,clear sky
509,Parabel,RU,58.7,81.48,33.01,92,86,12.35,overcast clouds
510,Huaihua,CN,27.55,109.96,51.46,73,0,2.53,light rain
511,Tecoanapa,MX,16.52,-98.75,84.94,67,13,9.53,few clouds
512,Shizukuishi,JP,39.68,140.98,33.49,88,31,6.67,scattered clouds
513,Cariati,IT,39.49,16.96,55.4,71,0,5.82,clear sky
514,North Myrtle Beach,US,33.82,-78.68,80.01,69,1,13.87,clear sky
515,Manhattan,US,40.78,-73.97,77.0,35,1,3.36,clear sky
516,Makkaveyevo,RU,51.75,113.95,12.2,92,0,2.24,clear sky
517,Buchanan,LR,5.88,-10.05,78.8,94,40,5.48,scattered clouds
518,Monte Escobedo,MX,22.3,-103.58,72.73,26,0,7.23,clear sky
519,Kisangani,CD,0.52,25.2,72.01,97,100,1.83,moderate rain
520,Chardara,KZ,41.25,67.97,48.85,57,0,1.36,clear sky
521,Santiago Del Estero,AR,-27.8,-64.26,84.0,49,44,8.05,scattered clouds
522,Saint-Joseph,RE,-21.37,55.62,73.4,73,20,12.75,few clouds
523,Bulgan,MN,48.81,103.53,31.53,83,0,3.89,clear sky
524,Kaeo,NZ,-35.1,173.78,57.0,95,19,4.0,few clouds
525,Alekseyevsk,RU,57.84,108.35,31.84,96,100,5.08,overcast clouds
526,Crixas,BR,-14.55,-49.97,90.86,47,97,3.65,overcast clouds
527,Aasiaat,GL,68.71,-52.87,9.73,89,100,6.96,overcast clouds
528,Zemio,CF,5.03,25.14,72.23,87,46,2.62,light rain
529,Buala,SB,-8.14,159.59,81.73,77,8,5.53,clear sky
530,Saint George,US,37.1,-113.58,48.0,53,75,10.25,broken clouds
531,Katherine,AU,-14.47,132.27,82.4,58,65,3.49,broken clouds
532,Tezu,IN,27.92,96.17,66.83,44,0,3.71,clear sky
533,Brewster,US,41.4,-73.62,75.2,27,1,6.93,clear sky
534,Auki,SB,-8.77,160.7,80.31,78,0,1.61,moderate rain
535,Bairiki,KI,1.33,172.98,82.4,74,20,2.24,few clouds
536,Cuorgne,IT,45.39,7.65,53.01,72,12,2.84,few clouds
537,Linhares,BR,-19.39,-40.07,79.54,74,13,9.04,few clouds
538,Sakakah,SA,29.97,40.21,66.2,68,0,8.05,clear sky
539,Ribeira Brava,PT,32.65,-17.07,64.4,68,40,5.82,scattered clouds
540,Sola,VU,-13.88,167.55,81.81,78,99,9.8,overcast clouds
541,Makhinjauri,GE,41.67,41.69,51.8,93,0,11.41,clear sky
542,Midland,US,32.0,-102.08,80.6,32,1,16.11,clear sky
543,Skibbereen,IE,51.55,-9.27,51.8,93,90,3.36,light intensity drizzle
544,San Pedro De Macoris,DO,18.46,-69.3,80.6,88,75,11.63,broken clouds
545,Kalmunai,LK,7.42,81.82,78.19,84,20,8.55,light rain
546,Zaraza,VE,9.35,-65.32,83.48,87,81,2.59,moderate rain
547,Sept-Iles,CA,50.2,-66.38,35.6,93,75,4.7,broken clouds
548,Kununurra,AU,-15.77,128.73,80.6,94,60,9.17,broken clouds
549,Huizhou,CN,23.08,114.4,73.0,43,100,6.89,overcast clouds
550,Roald,NO,62.58,6.13,46.0,87,0,4.7,clear sky
551,Tarko-Sale,RU,64.92,77.78,12.42,96,98,4.68,overcast clouds
552,Lavrentiya,RU,65.58,-171.0,31.89,98,100,36.08,overcast clouds
553,Hope,US,33.67,-93.59,78.01,60,67,1.99,broken clouds
554,Pyryatyn,UA,50.24,32.51,47.52,70,100,6.46,overcast clouds
555,Fairbanks,US,64.84,-147.72,24.8,79,90,10.29,light snow
556,Teguise,ES,29.06,-13.56,69.8,77,40,11.41,scattered clouds
557,Leningradskiy,RU,69.38,178.42,18.1,93,100,4.9,overcast clouds
558,Loviisa,FI,60.46,26.23,37.0,93,0,4.7,clear sky
559,Kalmar,SE,56.66,16.36,46.0,87,87,2.24,overcast clouds
560,Kroya,ID,-7.63,109.25,64.0,85,88,4.05,overcast clouds
561,Sabang,ID,5.89,95.32,80.82,77,85,4.27,moderate rain
562,Luau,AO,-10.71,22.22,66.69,75,100,5.26,overcast clouds
563,Clinton,US,42.59,-82.92,78.8,56,20,9.17,few clouds
564,Znamenka,RU,52.42,41.43,33.8,88,84,9.91,broken clouds
565,Aksay,RU,47.26,39.87,46.4,87,75,4.47,broken clouds
566,Maningrida,AU,-12.07,134.27,77.92,86,57,4.56,broken clouds
567,Ipixuna,BR,-1.76,-48.8,84.2,79,75,14.99,broken clouds
568,Kampong Cham,KH,11.99,105.46,71.44,84,100,9.26,overcast clouds
569,Taoudenni,ML,22.68,-3.98,82.47,15,0,8.43,clear sky
570,Puquio,PE,-14.7,-74.13,65.12,31,74,12.53,broken clouds
571,Reconquista,AR,-29.15,-59.65,80.33,61,49,7.65,light rain
572,Marsa Matruh,EG,31.35,27.25,66.2,63,40,5.82,scattered clouds
573,Harper,LR,4.38,-7.72,78.82,84,95,6.04,light rain
574,Boyolangu,ID,-8.12,111.89,75.99,87,100,3.09,overcast clouds
575,Luzilandia,BR,-3.46,-42.37,88.93,49,100,9.28,overcast clouds
576,Farmington,US,36.73,-108.22,33.8,74,75,5.82,broken clouds
577,Boyuibe,BO,-20.42,-63.28,93.2,32,75,4.76,smoke
578,Rutana,BI,-3.87,30.1,60.3,95,65,3.8,broken clouds
579,Villa Maria,AR,-32.41,-63.24,67.48,69,52,9.28,broken clouds
580,Vilaka,LV,57.18,27.67,42.26,90,95,6.91,overcast clouds
581,Muisne,EC,0.6,-80.03,80.6,78,75,6.93,broken clouds
582,Antofagasta,CL,-23.65,-70.4,64.4,63,20,14.99,few clouds
583,Kasongo-Lunda,CD,-6.47,16.82,72.09,93,100,1.72,overcast clouds
584,Shaowu,CN,27.34,117.48,50.07,70,0,1.34,light rain
585,Koundara,GN,12.48,-13.3,82.92,31,0,2.82,clear sky
586,Holme,DK,56.11,10.17,48.2,87,34,6.93,scattered clouds
587,Kendari,ID,-3.94,122.5,74.07,89,100,2.73,overcast clouds
588,Grimshaw,CA,56.18,-117.6,28.4,58,75,11.41,broken clouds
589,Arlit,NE,18.74,7.39,75.97,20,0,17.63,clear sky
590,Aksu,CN,41.12,80.26,38.25,60,63,1.36,broken clouds
591,Marquette,US,46.53,-87.63,72.0,68,93,1.99,overcast clouds
592,Garoua,CM,9.3,13.4,82.18,31,1,2.46,clear sky
593,Namatanai,PG,-3.67,152.43,80.69,77,100,2.84,overcast clouds
594,Wasilla,US,61.58,-149.44,30.0,92,1,0.69,clear sky
595,Amalapuram,IN,16.58,82.02,68.58,73,0,3.74,clear sky
596,Boulder City,US,35.98,-114.83,53.01,27,1,11.41,clear sky
597,Narsipatnam,IN,17.67,82.62,71.6,88,0,2.24,mist
598,Krasnaya Gora,RU,53.0,31.6,42.8,87,90,6.71,overcast clouds
599,Rafsanjan,IR,30.41,55.99,49.62,50,0,3.94,clear sky
600,Iquitos,PE,-3.75,-73.25,86.0,70,75,5.82,moderate rain
601,Joppatowne,US,39.46,-76.36,73.4,77,1,5.82,clear sky
602,Kupang,ID,-10.17,123.58,79.97,77,100,6.67,overcast clouds
603,Bermeo,ES,43.42,-2.72,61.0,82,20,3.36,few clouds
604,Champerico,GT,14.3,-91.92,86.0,79,40,9.17,scattered clouds
605,Lokosovo,RU,61.13,74.82,27.07,99,99,5.08,light snow
606,Saraland,US,30.82,-88.07,82.99,71,87,1.01,overcast clouds
607,Flin Flon,CA,54.77,-101.86,12.2,78,20,8.05,few clouds
608,Saldanha,ZA,-33.01,17.94,55.4,71,0,12.75,clear sky
609,Ribeirao Branco,BR,-24.22,-48.77,71.62,70,20,8.97,light rain
610,Aden,YE,12.78,45.04,79.59,79,6,12.01,clear sky
611,Ewa Beach,US,21.32,-158.01,82.4,65,40,5.82,scattered clouds
612,Hervey Bay,AU,-25.3,152.85,64.0,82,7,9.17,clear sky
613,Peleduy,RU,59.63,112.74,31.06,96,100,6.96,overcast clouds
614,Korla,CN,41.76,86.15,43.3,51,48,10.29,scattered clouds
615,Eureka,US,40.8,-124.16,54.0,60,80,1.99,broken clouds
616,Baturaja,ID,-4.13,104.17,73.72,92,83,0.87,broken clouds
617,Isangel,VU,-19.55,169.27,75.67,79,100,15.61,overcast clouds
618,Marsh Harbour,BS,26.54,-77.06,80.64,79,100,22.53,overcast clouds
619,Kaura Namoda,NG,12.59,6.58,77.74,19,97,8.32,overcast clouds
620,Yerbogachen,RU,61.28,108.01,32.43,95,100,8.05,overcast clouds
621,Panjakent,TJ,39.5,67.61,42.8,87,0,3.0,clear sky
622,Kuybyshevo,RU,47.81,38.91,46.26,66,35,3.71,scattered clouds
623,Batagay-Alyta,RU,67.8,130.41,-17.46,85,0,2.84,clear sky
624,Shar,KZ,49.59,81.05,38.75,72,100,18.28,light rain
625,Rabo De Peixe,PT,37.8,-25.58,64.4,82,40,11.41,scattered clouds
626,Verkhoyansk,RU,67.54,133.38,-26.41,80,0,2.55,clear sky
627,Ponta Delgada,PT,37.73,-25.67,64.4,82,40,11.41,scattered clouds
628,Makarska,HR,43.3,17.02,55.4,76,0,1.12,clear sky
629,Bajil,YE,15.06,43.29,81.64,59,0,4.63,clear sky
630,Meadow Lake,US,34.8,-106.54,54.0,42,75,20.8,broken clouds
631,Yulara,AU,-25.24,130.99,77.0,33,88,8.81,overcast clouds
632,Constitucion,CL,-35.33,-72.42,65.91,54,10,17.07,clear sky
633,Soure,BR,-0.72,-48.52,83.61,72,91,12.3,overcast clouds
634,La Ronge,CA,55.1,-105.28,10.4,72,0,5.82,clear sky
635,Ukiah,US,39.15,-123.21,53.01,34,1,2.35,clear sky
636,Tashtyp,RU,52.79,89.9,30.87,95,68,2.64,broken clouds
637,Plettenberg Bay,ZA,-34.05,23.37,55.13,76,7,4.74,clear sky
638,Ocampo,MX,21.65,-101.5,75.38,21,0,4.63,clear sky
639,Amberley,US,39.2,-84.43,79.0,44,1,5.17,clear sky
640,Panaba,MX,21.28,-88.27,81.39,78,16,15.39,light rain
641,Biak,ID,-0.91,122.88,76.68,72,100,2.08,overcast clouds
642,Ust-Maya,RU,60.42,134.53,-18.02,88,3,1.68,clear sky
643,Arman,RU,59.7,150.17,4.89,85,75,10.33,broken clouds
644,Kyren,RU,51.68,102.14,32.31,82,2,0.96,clear sky
645,Casper,US,42.87,-106.31,19.4,73,90,9.17,overcast clouds
646,Jiazi,CN,22.88,116.07,67.48,48,100,20.22,overcast clouds
647,Rio Bananal,BR,-19.27,-40.33,81.77,71,41,7.25,scattered clouds
648,Hetauda,NP,27.43,85.03,51.8,93,20,3.36,few clouds
649,Komsomolskiy,UZ,40.43,71.72,42.8,75,0,4.7,clear sky
650,Cabedelo,BR,-6.98,-34.83,82.4,74,75,13.87,broken clouds
651,College,US,64.86,-147.8,24.8,79,90,10.29,light snow
652,Gat,IL,31.61,34.76,70.0,73,0,5.14,clear sky
653,Skelleftea,SE,64.75,20.95,32.0,92,5,6.93,clear sky
654,Santa Rosa De Viterbo,BR,-21.47,-47.36,96.8,28,40,9.17,scattered clouds
655,Dubbo,AU,-32.25,148.62,53.6,81,0,12.75,clear sky
656,Dalaba,GN,10.7,-12.25,63.73,65,1,1.7,clear sky
657,Naze,JP,28.37,129.48,68.0,64,90,13.87,overcast clouds
658,Kuytun,RU,54.34,101.5,34.32,92,100,8.28,overcast clouds
659,Charagua,BO,-19.8,-63.22,93.2,32,75,10.78,smoke
660,Pemangkat,ID,1.17,108.97,77.63,86,97,6.87,overcast clouds
661,Porto Novo,BJ,6.5,2.6,84.2,74,20,6.93,few clouds
662,Manadhoo,MV,5.77,73.38,83.55,75,47,9.57,scattered clouds
663,Ambagarh Chauki,IN,20.78,80.72,59.09,55,0,2.98,clear sky
664,Pervomayskiy,RU,53.25,40.29,32.0,71,17,11.39,few clouds
665,Akdepe,TM,42.06,59.38,44.6,93,0,4.7,clear sky
666,Stuttgart,DE,48.78,9.18,46.0,93,0,3.36,clear sky
667,Linxia,CN,35.6,103.21,39.07,64,0,1.9,clear sky
668,Severnoye,RU,56.35,78.36,31.68,96,41,12.8,scattered clouds
669,Pisco,PE,-13.7,-76.22,66.99,77,20,11.41,few clouds
670,Smithers,CA,54.78,-127.17,28.4,100,90,2.24,light snow
671,Nelson Bay,AU,-32.72,152.15,51.01,93,0,3.58,clear sky
672,Changji,CN,44.02,87.32,41.0,48,0,1.59,clear sky
673,Hurghada,EG,27.26,33.81,71.6,43,0,5.82,clear sky
674,Comodoro Rivadavia,AR,-45.87,-67.5,69.8,43,0,11.41,clear sky
675,Tromso,NO,69.65,18.96,35.6,74,75,24.16,broken clouds
676,Polyarnyy,RU,69.2,33.45,30.2,80,40,11.18,scattered clouds
677,Hastings,GB,50.86,0.57,57.2,100,66,4.7,broken clouds
678,Horasan,TR,40.05,42.17,42.66,65,14,0.65,few clouds
679,Balad,IQ,34.02,44.15,69.44,53,92,5.17,overcast clouds
680,Cairns,AU,-16.92,145.77,75.2,78,75,10.29,broken clouds
681,Salinopolis,BR,-0.61,-47.36,83.5,72,40,11.68,light rain
682,Chumikan,RU,54.72,135.31,2.16,91,0,19.71,clear sky
683,Norrtalje,SE,59.76,18.7,45.0,90,61,4.0,broken clouds
684,Huanren,CN,41.26,125.37,25.74,81,0,0.74,clear sky
685,Dinga,PK,32.64,73.72,62.6,77,88,3.15,smoke
686,Navirai,BR,-23.07,-54.19,91.15,40,81,8.16,moderate rain
